DATE,RGDP,LN RGDP,GR-P RGDP,GR-L RGDP,GDPDEF,GDPDEF N,NGDP,,,,,
1/1/47,2034.45,7.617980791,,,11.952,0.11952,243.157464,,,,,
4/1/47,2029.024,7.615310168,-0.00266706,-0.002670623,12.122,0.12122,245.9582893,,,,,
7/1/47,2024.834,7.613243001,-0.002065032,-0.002067167,12.326,0.12326,249.5810388,,,,,
10/1/47,2056.508,7.628764678,0.015642764,0.015521677,12.63,0.1263,259.7369604,,,,,
1/1/48,2087.442,7.643694672,0.015042003,0.014929994,12.731,0.12731,265.752241,,,,,
4/1/48,2121.899,7.660066721,0.016506806,0.01637205,12.845,0.12845,272.5579266,,,,,
7/1/48,2134.056,7.665779673,0.005729302,0.005712952,13.083,0.13083,279.1985465,,,,,
10/1/48,2136.44,7.666896171,0.001117122,0.001116498,13.123,0.13123,280.3650212,,,,,
1/1/49,2107.001,7.653020888,-0.013779465,-0.013875283,13.053,0.13053,275.0268405,,,,,
4/1/49,2099.814,7.649604048,-0.003411009,-0.00341684,12.923,0.12923,271.3589632,,,,,
7/1/49,2121.493,7.659875365,0.010324248,0.010271317,12.863,0.12863,272.8876446,,,,,
10/1/49,2103.688,7.651447274,-0.008392674,-0.008428091,12.864,0.12864,270.6184243,,,,,
1/1/50,2186.365,7.689995626,0.03930098,0.038548353,12.845,0.12845,280.8385843,,,,,
4/1/50,2253.045,7.720037914,0.03049811,0.030042287,12.888,0.12888,290.3724396,,,,,
7/1/50,2340.112,7.75795407,0.038644146,0.037916157,13.168,0.13168,308.1459482,,,,,
10/1/50,2384.92,7.77692086,0.019147801,0.018966789,13.415,0.13415,319.937018,,,,,
1/1/51,2417.311,7.790411044,0.013581588,0.013490185,13.9,0.139,336.006229,,,,,
4/1/51,2459.196,7.807589746,0.017327104,0.017178702,13.992,0.13992,344.0907043,,,,,
7/1/51,2509.88,7.827990222,0.020609988,0.020400476,14,0.14,351.3832,,,,,
10/1/51,2515.408,7.830190296,0.002202496,0.002200074,14.16,0.1416,356.1817728,,,,,
1/1/52,2542.286,7.840818955,0.010685344,0.010628659,14.153,0.14153,359.8097376,,,,,
4/1/52,2547.762,7.842970606,0.002153967,0.00215165,14.17,0.1417,361.0178754,,,,,
7/1/52,2566.153,7.850163169,0.007218492,0.007192564,14.329,0.14329,367.7040634,,,,,
10/1/52,2650.431,7.882477547,0.032842157,0.032314378,14.368,0.14368,380.8139261,,,,,
1/1/53,2699.699,7.900895564,0.018588675,0.018418017,14.371,0.14371,387.9737433,,,,,
4/1/53,2720.566,7.908595226,0.00772938,0.007699662,14.4,0.144,391.761504,,,,,
7/1/53,2705.258,7.902952566,-0.00562677,-0.00564266,14.46,0.1446,391.1803068,,,,,
10/1/53,2664.302,7.887697389,-0.015139406,-0.015255177,14.487,0.14487,385.9774307,,,,,
1/1/54,2651.566,7.882905688,-0.004780239,-0.004791701,14.533,0.14533,385.3520868,,,,,
4/1/54,2654.456,7.883995016,0.001089922,0.001089328,14.546,0.14546,386.1171698,,,,,
7/1/54,2684.434,7.895225184,0.011293463,0.011230168,14.565,0.14565,390.9878121,,,,,
10/1/54,2736.96,7.914603094,0.019566881,0.01937791,14.605,0.14605,399.733008,,,,,
1/1/55,2815.134,7.942765142,0.028562347,0.028162047,14.673,0.14673,413.0646118,,,,,
4/1/55,2860.942,7.95890622,0.01627205,0.016141079,14.734,0.14734,421.5311943,,,,,
7/1/55,2899.578,7.972320488,0.013504643,0.013414268,14.837,0.14837,430.2103879,,,,,
10/1/55,2916.985,7.978305828,0.006003287,0.005985339,14.984,0.14984,437.0810324,,,,,
1/1/56,2905.656,7.974414461,-0.003883805,-0.003891366,15.134,0.15134,439.741979,,,,,
4/1/56,2929.666,7.982643702,0.008263194,0.008229241,15.224,0.15224,446.0123518,,,,,
7/1/56,2927.034,7.981744903,-0.000898396,-0.0008988,15.415,0.15415,451.2022911,,,,,
10/1/56,2975.209,7.998069568,0.01645864,0.016324665,15.477,0.15477,460.4730969,,,,,
1/1/57,2994.259,8.004452068,0.006402912,0.0063825,15.689,0.15689,469.7692945,,,,,
4/1/57,2987.699,8.002258805,-0.002190859,-0.002193263,15.799,0.15799,472.026565,,,,,
7/1/57,3016.979,8.012011279,0.009800184,0.009752474,15.893,0.15893,479.4884725,,,,,
10/1/57,2985.775,8.001614624,-0.010342797,-0.010396655,15.904,0.15904,474.857656,,,,,
1/1/58,2908.281,7.975317464,-0.0259544,-0.02629716,16.076,0.16076,467.5352536,,,,,
4/1/58,2927.395,7.981868228,0.006572267,0.006550764,16.123,0.16123,471.9838959,,,,,
7/1/58,2995.112,8.004736906,0.02313217,0.022868677,16.221,0.16221,485.8371175,,,,,
10/1/58,3065.141,8.027848851,0.023381096,0.023111945,16.298,0.16298,499.5566802,,,,,
1/1/59,3123.978,8.046862469,0.019195528,0.019013618,16.336,0.16336,510.3330461,,,,,
4/1/59,3194.429,8.069163634,0.022551695,0.022301165,16.361,0.16361,522.6405287,,,,,
7/1/59,3196.683,8.069868989,0.000705603,0.000705355,16.424,0.16424,525.0232159,,,,,
10/1/59,3205.79,8.072713829,0.002848891,0.00284484,16.489,0.16489,528.6027131,,,,,
1/1/60,3277.847,8.094942083,0.022477143,0.022228255,16.555,0.16555,542.6475709,,,,,
4/1/60,3260.177,8.089536767,-0.005390734,-0.005405316,16.597,0.16597,541.0915767,,,,,
7/1/60,3276.133,8.094419042,0.004894213,0.004882275,16.654,0.16654,545.6071898,,,,,
10/1/60,3234.087,8.081501941,-0.012834033,-0.012917101,16.703,0.16703,540.1895516,,,,,
1/1/61,3255.914,8.088228314,0.006749045,0.006726373,16.739,0.16739,545.0074445,,,,,
4/1/61,3311.181,8.105060202,0.016974343,0.016831888,16.778,0.16778,555.5499482,,,,,
7/1/61,3374.742,8.124074156,0.01919587,0.019013954,16.821,0.16821,567.6653518,,,,,
10/1/61,3440.924,8.143495319,0.019610981,0.019421163,16.874,0.16874,580.6215158,,,,,
1/1/62,3502.298,8.161174603,0.017836488,0.017679285,16.961,0.16961,594.0247638,,,,,
4/1/62,3533.947,8.170170656,0.009036638,0.008996052,16.989,0.16989,600.3822558,,,,,
7/1/62,3577.362,8.182380936,0.01228513,0.012210281,17.024,0.17024,609.0101069,,,,,
10/1/62,3589.128,8.185664555,0.003289016,0.003283619,17.059,0.17059,612.2693455,,,,,
1/1/63,3628.306,8.196521152,0.010915743,0.010856597,17.134,0.17134,621.67395,,,,,
4/1/63,3669.02,8.207679875,0.011221215,0.011158724,17.164,0.17164,629.7505928,,,,,
7/1/63,3749.681,8.229426049,0.021984345,0.021746173,17.187,0.17187,644.4576735,,,,,
10/1/63,3774.264,8.235960676,0.006556024,0.006534627,17.326,0.17326,653.9289806,,,,,
1/1/64,3853.835,8.256824035,0.021082521,0.02086336,17.381,0.17381,669.8350614,,,,,
4/1/64,3895.793,8.267652532,0.010887337,0.010828497,17.421,0.17421,678.6860985,,,,,
7/1/64,3956.657,8.283154756,0.015623007,0.015502224,17.49,0.1749,692.0193093,,,,,
10/1/64,3968.878,8.286238714,0.003088719,0.003083958,17.57,0.1757,697.3318646,,,,,
1/1/65,4064.915,8.310148112,0.024197519,0.023909397,17.658,0.17658,717.7826907,,,,,
4/1/65,4116.267,8.322701964,0.012632982,0.012553852,17.739,0.17739,730.1846031,,,,,
7/1/65,4207.782,8.344690947,0.022232523,0.021988983,17.808,0.17808,749.3218186,,,,,
10/1/65,4304.731,8.367469929,0.023040405,0.022778982,17.93,0.1793,771.8382683,,,,,
1/1/66,4409.518,8.391520665,0.024342288,0.024050736,18.046,0.18046,795.7416183,,,,,
4/1/66,4424.581,8.394930864,0.00341602,0.003410198,18.193,0.18193,804.9640213,,,,,
7/1/66,4462.053,8.403364253,0.008469051,0.008433389,18.369,0.18369,819.6345156,,,,,
10/1/66,4498.66,8.411534854,0.008204071,0.008170601,18.523,0.18523,833.2867918,,,,,
1/1/67,4538.498,8.420351399,0.008855526,0.008816546,18.6,0.186,844.160628,,,,,
4/1/67,4541.28,8.42096419,0.000612978,0.00061279,18.695,0.18695,848.992296,,,,,
7/1/67,4584.246,8.430380922,0.009461209,0.009416732,18.874,0.18874,865.23059,,,,,
10/1/67,4618.812,8.437892808,0.007540171,0.007511886,19.084,0.19084,881.4540821,,,,,
1/1/68,4713.013,8.458082685,0.020395071,0.020189877,19.295,0.19295,909.3758584,,,,,
4/1/68,4791.758,8.474652638,0.016707996,0.016569952,19.499,0.19499,934.3448924,,,,,
7/1/68,4828.892,8.482372321,0.007749557,0.007719683,19.69,0.1969,950.8088348,,,,,
10/1/68,4847.885,8.486297806,0.0039332,0.003925486,19.968,0.19968,968.0256768,,,,,
1/1/69,4923.76,8.501827745,0.015651155,0.015529939,20.174,0.20174,993.3193424,,,,,
4/1/69,4938.728,8.504863087,0.003039953,0.003035342,20.431,0.20431,1009.031518,,,,,
7/1/69,4971.349,8.511446511,0.006605142,0.006583424,20.718,0.20718,1029.964086,,,,,
10/1/69,4947.104,8.506557634,-0.004876946,-0.004888877,20.985,0.20985,1038.149774,,,,,
1/1/70,4939.759,8.505071824,-0.001484707,-0.00148581,21.28,0.2128,1051.180715,,,,,
4/1/70,4946.77,8.506490117,0.0014193,0.001418294,21.577,0.21577,1067.364563,,,,,
7/1/70,4992.357,8.515663422,0.009215508,0.009173305,21.754,0.21754,1086.037342,,,,,
10/1/70,4938.857,8.504889207,-0.010716381,-0.010774215,22.042,0.22042,1088.62286,,,,,
1/1/71,5072.996,8.531686849,0.027159928,0.026797642,22.376,0.22376,1135.133585,,,,,
4/1/71,5100.447,8.537083462,0.005411201,0.005396613,22.67,0.2267,1156.271335,,,,,
7/1/71,5142.422,8.545279454,0.008229671,0.008195992,22.901,0.22901,1177.666062,,,,,
10/1/71,5154.547,8.547634517,0.002357838,0.002355063,23.092,0.23092,1190.287993,,,,,
1/1/72,5249.337,8.565857062,0.018389589,0.018222545,23.443,0.23443,1230.602073,,,,,
4/1/72,5368.485,8.588301025,0.022697724,0.022443963,23.589,0.23589,1266.371927,,,,,
7/1/72,5419.184,8.59770053,0.009443819,0.009399505,23.815,0.23815,1290.57867,,,,,
10/1/72,5509.926,8.614306472,0.016744587,0.016605942,24.118,0.24118,1328.883953,,,,,
1/1/73,5646.286,8.638753263,0.024748064,0.024446791,24.396,0.24396,1377.467933,,,,,
4/1/73,5707.755,8.649581055,0.010886625,0.010827793,24.771,0.24771,1413.867991,,,,,
7/1/73,5677.738,8.644308193,-0.005258985,-0.005272863,25.254,0.25254,1433.855955,,,,,
10/1/73,5731.632,8.653755586,0.00949216,0.009447393,25.757,0.25757,1476.296454,,,,,
1/1/74,5682.353,8.645120686,-0.008597726,-0.008634899,26.243,0.26243,1491.219898,,,,,
4/1/74,5695.859,8.647494699,0.002376832,0.002374012,26.863,0.26863,1530.078603,,,,,
7/1/74,5642.025,8.637998323,-0.009451428,-0.009496376,27.65,0.2765,1560.019913,,,,,
10/1/74,5620.126,8.634109363,-0.003881408,-0.00388896,28.463,0.28463,1599.656463,,,,,
1/1/75,5551.713,8.621861808,-0.012172859,-0.012247555,29.11,0.2911,1616.103654,,,,,
4/1/75,5591.382,8.628981763,0.007145362,0.007119955,29.543,0.29543,1651.861984,,,,,
7/1/75,5687.087,8.645953445,0.01711652,0.016971682,30.065,0.30065,1709.822707,,,,,
10/1/75,5763.665,8.659328836,0.013465242,0.013375391,30.568,0.30568,1761.837117,,,,,
1/1/76,5893.276,8.681567319,0.022487601,0.022238483,30.891,0.30891,1820.491889,,,,,
4/1/76,5936.515,8.68887754,0.007337006,0.007310221,31.202,0.31202,1852.31141,,,,,
7/1/76,5969.089,8.694349598,0.005487058,0.005472059,31.605,0.31605,1886.530578,,,,,
10/1/76,6012.356,8.701571964,0.00724851,0.007222366,32.172,0.32172,1934.295172,,,,,
1/1/77,6083.391,8.71331755,0.011814836,0.011745586,32.69,0.3269,1988.660518,,,,,
4/1/77,6201.659,8.732572116,0.019441131,0.019254566,33.151,0.33151,2055.911975,,,,,
7/1/77,6313.559,8.750454822,0.018043559,0.017882706,33.554,0.33554,2118.451587,,,,,
10/1/77,6313.697,8.750476679,2.18577E-05,2.18575E-05,34.279,0.34279,2164.272195,,,,,
1/1/78,6333.848,8.753663229,0.003191632,0.00318655,34.778,0.34778,2202.785657,,,,,
4/1/78,6578.605,8.791577996,0.038642702,0.037914766,35.443,0.35443,2331.65497,,,,,
7/1/78,6644.754,8.80158295,0.010055171,0.010004954,36.044,0.36044,2395.035132,,,,,
10/1/78,6734.069,8.814934846,0.013441431,0.013351896,36.782,0.36782,2476.92526,,,,,
1/1/79,6746.176,8.816731105,0.001797873,0.001796259,37.452,0.37452,2526.577836,,,,,
4/1/79,6753.389,8.817799732,0.001069198,0.001068627,38.37,0.3837,2591.275359,,,,,
7/1/79,6803.558,8.82520099,0.007428715,0.007401258,39.208,0.39208,2667.539021,,,,,
10/1/79,6820.572,8.827698618,0.00250075,0.002497629,39.936,0.39936,2723.863634,,,,,
1/1/80,6842.024,8.830838873,0.003145191,0.003140255,40.775,0.40775,2789.835286,,,,,
4/1/80,6701.046,8.810018913,-0.020604722,-0.020819961,41.745,0.41745,2797.351653,,,,,
7/1/80,6693.082,8.808829735,-0.001188471,-0.001189178,42.678,0.42678,2856.473536,,,,,
10/1/80,6817.903,8.827307226,0.018649256,0.018477491,43.79,0.4379,2985.559724,,,,,
1/1/81,6951.495,8.846712023,0.019594295,0.019404798,44.943,0.44943,3124.210398,,,,,
4/1/81,6899.98,8.839273792,-0.007410636,-0.007438231,45.834,0.45834,3162.536833,,,,,
7/1/81,6982.609,8.851177908,0.011975252,0.011904116,46.696,0.46696,3260.599099,,,,,
10/1/81,6906.529,8.840222475,-0.010895641,-0.010955433,47.503,0.47503,3280.808471,,,,,
1/1/82,6799.233,8.824565091,-0.015535445,-0.015657384,48.157,0.48157,3274.306636,,,,,
4/1/82,6830.251,8.829116702,0.004561985,0.004551611,48.783,0.48783,3332.001345,,,,,
7/1/82,6804.139,8.825286382,-0.003822993,-0.003830319,49.475,0.49475,3366.34777,,,,,
10/1/82,6806.857,8.825685765,0.000399463,0.000399383,49.987,0.49987,3402.543609,,,,,
1/1/83,6896.561,8.838778161,0.013178476,0.013092395,50.364,0.50364,3473.383982,,,,,
4/1/83,7053.5,8.861279227,0.022756124,0.022501066,50.739,0.50739,3578.875365,,,,,
7/1/83,7194.504,8.88107268,0.019990643,0.019793454,51.278,0.51278,3689.197761,,,,,
10/1/83,7344.597,8.90172022,0.020862175,0.02064754,51.667,0.51667,3794.732932,,,,,
1/1/84,7488.167,8.92107932,0.019547703,0.0193591,52.19,0.5219,3908.074357,,,,,
4/1/84,7617.547,8.938209681,0.017277927,0.017130361,52.636,0.52636,4009.572039,,,,,
7/1/84,7690.985,8.947804143,0.009640636,0.009594462,53.104,0.53104,4084.220674,,,,,
10/1/84,7754.117,8.955979207,0.008208571,0.008175064,53.501,0.53501,4148.530136,,,,,
1/1/85,7829.26,8.965623276,0.009690723,0.009644069,54.03,0.5403,4230.149178,,,,,
4/1/85,7898.194,8.974389405,0.008804664,0.008766129,54.378,0.54378,4294.879933,,,,,
7/1/85,8018.809,8.989545186,0.015271213,0.015155781,54.706,0.54706,4386.769652,,,,,
10/1/85,8078.415,8.996950969,0.007433273,0.007405783,55.012,0.55012,4444.09766,,,,,
1/1/86,8153.829,9.006242912,0.009335247,0.009291943,55.286,0.55286,4507.925901,,,,,
4/1/86,8190.552,9.010736574,0.004503774,0.004493662,55.495,0.55495,4545.346832,,,,,
7/1/86,8268.935,9.020261001,0.009569929,0.009524427,55.723,0.55723,4607.69865,,,,,
10/1/86,8313.338,9.025616492,0.005369857,0.005355491,56.026,0.56026,4657.630748,,,,,
1/1/87,8375.274,9.033039073,0.007450196,0.007422581,56.382,0.56382,4722.146987,,,,,
4/1/87,8465.63,9.043769716,0.010788423,0.010730643,56.773,0.56773,4806.19212,,,,,
7/1/87,8539.075,9.052407967,0.008675669,0.008638251,57.202,0.57202,4884.521682,,,,,
10/1/87,8685.694,9.069432583,0.017170361,0.017024616,57.658,0.57658,5007.997447,,,,,
1/1/88,8730.569,9.074585824,0.005166542,0.005153241,58.11,0.5811,5073.333646,,,,,
4/1/88,8845.28,9.087639262,0.013139006,0.013053438,58.676,0.58676,5190.056493,,,,,
7/1/88,8897.107,9.093481447,0.005859283,0.005842184,59.377,0.59377,5282.835223,,,,,
10/1/88,9015.661,9.106718455,0.013325006,0.013237008,59.89,0.5989,5399.479373,,,,,
1/1/89,9107.314,9.116833106,0.010165977,0.010114651,60.515,0.60515,5511.291067,,,,,
4/1/89,9176.827,9.124436781,0.007632657,0.007603675,61.159,0.61159,5612.455625,,,,,
7/1/89,9244.816,9.131818241,0.00740877,0.00738146,61.606,0.61606,5695.361345,,,,,
10/1/89,9263.033,9.133786812,0.00197051,0.001968571,62.045,0.62045,5747.248825,,,,,
1/1/90,9364.259,9.144655487,0.010927954,0.010868676,62.714,0.62714,5872.701389,,,,,
4/1/90,9398.243,9.148278036,0.003629118,0.003622549,63.416,0.63416,5959.989781,,,,,
7/1/90,9404.494,9.148942939,0.000665124,0.000664903,63.96,0.6396,6015.114362,,,,,
10/1/90,9318.876,9.1397973,-0.009103945,-0.00914564,64.436,0.64436,6004.710939,,,,,
1/1/91,9275.276,9.135107644,-0.004678676,-0.004689655,65.067,0.65067,6035.143835,,,,,
4/1/91,9347.597,9.142874584,0.00779718,0.007766939,65.545,0.65545,6126.882454,,,,,
7/1/91,9394.834,9.147915243,0.005053384,0.005040659,66.057,0.66057,6205.945495,,,,,
10/1/91,9427.581,9.151394821,0.003485639,0.003479578,66.449,0.66449,6264.533299,,,,,
1/1/92,9540.444,9.163295304,0.011971576,0.011900483,66.696,0.66696,6363.09453,,,,,
4/1/92,9643.893,9.174080144,0.010843206,0.01078484,67.097,0.67097,6470.762886,,,,,
7/1/92,9739.185,9.183912718,0.009881072,0.009832573,67.425,0.67425,6566.645486,,,,,
10/1/92,9840.753,9.194287512,0.010428799,0.010374794,67.889,0.67889,6680.788804,,,,,
1/1/93,9857.185,9.19595591,0.001669791,0.001668398,68.27,0.6827,6729.5002,,,,,
4/1/93,9914.565,9.201760167,0.005821135,0.005804257,68.676,0.68676,6808.926659,,,,,
7/1/93,9961.873,9.206520385,0.004771566,0.004760218,69.084,0.69084,6882.060343,,,,,
10/1/93,10097.362,9.220029481,0.013600756,0.013509095,69.461,0.69461,7013.728619,,,,,
1/1/94,10195.338,9.229685836,0.009703128,0.009656355,69.793,0.69793,7115.63225,,,,,
4/1/94,10333.495,9.24314584,0.013550998,0.013460004,70.13,0.7013,7246.880044,,,,,
7/1/94,10393.898,9.248974182,0.00584536,0.005828342,70.532,0.70532,7331.024137,,,,,
10/1/94,10512.962,9.260364251,0.011455183,0.011390069,70.915,0.70915,7455.267002,,,,,
1/1/95,10550.251,9.26390493,0.003546955,0.003540679,71.3,0.713,7522.328963,,,,,
4/1/95,10581.723,9.266883547,0.002983057,0.002978617,71.642,0.71642,7580.957992,,,,,
7/1/95,10671.738,9.275354218,0.008506649,0.008470671,71.995,0.71995,7683.117773,,,,,
10/1/95,10744.203,9.282121632,0.006790365,0.006767415,72.342,0.72342,7772.571334,,,,,
1/1/96,10824.674,9.289583437,0.007489713,0.007461805,72.69,0.7269,7868.455531,,,,,
4/1/96,11005.217,9.306124712,0.016678839,0.016541275,72.991,0.72991,8032.81794,,,,,
7/1/96,11103.935,9.315054829,0.008970109,0.008930117,73.23,0.7323,8131.411601,,,,,
10/1/96,11219.238,9.325385262,0.010383976,0.010330433,73.621,0.73621,8259.715208,,,,,
1/1/97,11291.665,9.331820122,0.006455608,0.00643486,74.06,0.7406,8362.607099,,,,,
4/1/97,11479.33,9.348303306,0.016619781,0.016483184,74.21,0.7421,8518.810793,,,,,
7/1/97,11622.911,9.360733515,0.012507786,0.01243021,74.532,0.74532,8662.788027,,,,,
10/1/97,11722.722,9.369284289,0.008587436,0.008550773,74.777,0.74777,8765.89983,,,,,
1/1/98,11839.876,9.379228435,0.009993754,0.009944147,74.887,0.74887,8866.52794,,,,,
4/1/98,11949.492,9.388444046,0.009258205,0.009215611,75.063,0.75063,8969.64718,,,,,
7/1/98,12099.191,9.40089387,0.012527646,0.012449824,75.386,0.75386,9121.096127,,,,,
10/1/98,12294.737,9.416926564,0.016161907,0.016032694,75.593,0.75593,9293.96054,,,,,
1/1/99,12410.778,9.426320568,0.009438266,0.009394004,75.835,0.75835,9411.713496,,,,,
4/1/99,12514.408,9.4346359,0.00835,0.008315332,76.122,0.76122,9526.217658,,,,,
7/1/99,12679.977,9.447779414,0.01323027,0.013143515,76.393,0.76393,9686.61483,,,,,
10/1/99,12888.281,9.464073728,0.01642779,0.016294314,76.815,0.76815,9900.13305,,,,,
1/1/00,12935.252,9.467711576,0.003644474,0.003637849,77.325,0.77325,10002.18361,,,,,
4/1/00,13170.749,9.485753665,0.01820583,0.018042088,77.807,0.77807,10247.76467,,,,,
7/1/00,13183.89,9.486750909,0.000997741,0.000997244,78.263,0.78263,10318.10783,,,,,
10/1/00,13262.25,9.492676933,0.005943618,0.005926024,78.688,0.78688,10435.79928,,,,,
1/1/01,13219.251,9.489429455,-0.00324221,-0.003247477,79.204,0.79204,10470.17556,,,,,
4/1/01,13301.394,9.495624121,0.006213892,0.006194666,79.683,0.79683,10598.94978,,,,,
7/1/01,13248.142,9.491612595,-0.00400349,-0.004011526,79.996,0.79996,10597.98367,,,,,
10/1/01,13284.881,9.494381901,0.002773144,0.002769306,80.245,0.80245,10660.45276,,,,,
1/1/02,13394.91,9.502630063,0.008282272,0.008248162,80.504,0.80504,10783.43835,,,,,
4/1/02,13477.356,9.508766223,0.006155025,0.00613616,80.783,0.80783,10887.4125,,,,,
7/1/02,13531.741,9.51279339,0.004035287,0.004027167,81.172,0.81172,10983.9848,,,,,
10/1/02,13549.421,9.514099095,0.001306558,0.001305705,81.638,0.81638,11061.47632,,,,,
1/1/03,13619.434,9.519253022,0.005167232,0.005153928,82.045,0.82045,11174.06463,,,,,
4/1/03,13741.107,9.52814713,0.008933778,0.008894108,82.328,0.82328,11312.77857,,,,,
7/1/03,13970.157,9.544678691,0.016668963,0.01653156,82.796,0.82796,11566.73119,,,,,
10/1/03,14131.379,9.556153065,0.011540457,0.011474374,83.306,0.83306,11772.28659,,,,,
1/1/04,14212.34,9.56186588,0.005729165,0.005712816,83.895,0.83895,11923.44264,,,,,
4/1/04,14323.017,9.569623103,0.007787388,0.007757222,84.569,0.84569,12112.83225,,,,,
7/1/04,14457.832,9.578991554,0.009412472,0.009368451,85.112,0.85112,12305.34997,,,,,
10/1/04,14605.595,9.589159953,0.010220274,0.0101684,85.77,0.8577,12527.21883,,,,,
1/1/05,14767.846,9.600207529,0.011108825,0.011047575,86.453,0.86453,12767.2459,,,,,
4/1/05,14839.707,9.605061773,0.004866045,0.004854244,87.082,0.87082,12922.71365,,,,,
7/1/05,14956.291,9.612887293,0.00785622,0.00782552,87.874,0.87874,13142.69115,,,,,
10/1/05,15041.232,9.618550509,0.005679282,0.005663216,88.585,0.88585,13324.27537,,,,,
1/1/06,15244.088,9.631947035,0.013486661,0.013396526,89.209,0.89209,13599.09846,,,,,
4/1/06,15281.525,9.634399861,0.002455837,0.002452827,90,0.9,13753.3725,,,,,
7/1/06,15304.517,9.635903293,0.001504562,0.001503431,90.628,0.90628,13870.17767,,,,,
10/1/06,15433.643,9.644305016,0.008437117,0.008401723,90.967,0.90967,14039.52203,,,,,
1/1/07,15478.956,9.647236703,0.002935989,0.002931687,91.839,0.91839,14215.7184,,,,,
4/1/07,15577.779,9.653600755,0.006384345,0.006364052,92.453,0.92453,14402.12402,,,,,
7/1/07,15671.605,9.659605755,0.006023067,0.006005,92.933,0.92933,14564.09267,,,,,
10/1/07,15767.146,9.665683687,0.00609644,0.006077932,93.327,0.93327,14715.00435,,,,,
1/1/08,15702.906,9.66160107,-0.004074295,-0.004082617,93.655,0.93655,14706.55661,,,,,
4/1/08,15792.773,9.667307709,0.005722953,0.00570664,94.13,0.9413,14865.73722,,,,,
7/1/08,15709.562,9.662024851,-0.005268929,-0.005282859,94.84,0.9484,14898.9486,,,,,
10/1/08,15366.607,9.639952057,-0.021830971,-0.022072793,95.065,0.95065,14608.26494,,,,,
1/1/09,15187.475,9.628226354,-0.011657225,-0.011725703,95.018,0.95018,14430.835,,,,,
4/1/09,15161.772,9.626532539,-0.001692381,-0.001693815,94.852,0.94852,14381.24398,,,,,
7/1/09,15216.647,9.630145305,0.0036193,0.003612766,94.954,0.94954,14448.81499,,,,,
10/1/09,15379.155,9.6407683,0.010679619,0.010622995,95.267,0.95267,14651.25959,,,,,
1/1/10,15456.059,9.645756374,0.005000535,0.004988074,95.526,0.95526,14764.55492,,,,,
4/1/10,15605.628,9.655386897,0.009677046,0.009630524,95.992,0.95992,14980.15443,,,,,
7/1/10,15726.282,9.663088604,0.007731442,0.007701707,96.282,0.96282,15141.57884,,,,,
10/1/10,15807.995,9.668271104,0.005195952,0.005182499,96.846,0.96846,15309.41084,,,,,
1/1/11,15769.911,9.665859036,-0.002409161,-0.002412067,97.346,0.97346,15351.37756,,,,,
4/1/11,15876.839,9.67261666,0.006780508,0.006757623,97.989,0.97989,15557.55577,,,,,
7/1/11,15870.684,9.672228913,-0.000387672,-0.000387747,98.595,0.98595,15647.70089,,,,,
10/1/11,16048.702,9.683383253,0.011216782,0.01115434,98.714,0.98714,15842.31569,,,,,
1/1/12,16179.968,9.691529213,0.008179228,0.00814596,99.313,0.99313,16068.81162,,,,,
4/1/12,16253.726,9.696077454,0.0045586,0.004548241,99.713,0.99713,16207.07781,,,,,
7/1/12,16282.151,9.697824756,0.00174883,0.001747302,100.23,1.0023,16319.59995,,,,,
10/1/12,16300.035,9.698922534,0.001098381,0.001097778,100.738,1.00738,16420.32926,,,,,
1/1/13,16441.485,9.707562993,0.008677895,0.008640459,101.141,1.01141,16629.08234,,,,,
4/1/13,16464.402,9.708955875,0.001393852,0.001392882,101.428,1.01428,16699.51366,,,,,
7/1/13,16594.743,9.716841237,0.007916534,0.007885363,101.906,1.01906,16911.0388,,,,,
10/1/13,16712.76,9.723927779,0.00711171,0.007086541,102.515,1.02515,17133.08591,,,,,
1/1/14,16654.247,9.720420538,-0.003501097,-0.003507241,102.942,1.02942,17144.21495,,,,,
4/1/14,16868.109,9.733180077,0.012841289,0.012759539,103.525,1.03525,17462.70984,,,,,
7/1/14,17064.616,9.744762359,0.011649616,0.011582282,103.977,1.03977,17743.27578,,,,,
10/1/14,17141.235,9.749242243,0.004489934,0.004479884,104.15,1.0415,17852.59625,,,,,
1/1/15,17280.647,9.757342484,0.008133136,0.008100241,104.113,1.04113,17991.40001,,,,,
4/1/15,17380.875,9.763125743,0.005800014,0.005783259,104.677,1.04677,18193.77852,,,,,
7/1/15,17437.08,9.766354252,0.003233727,0.003228509,104.989,1.04989,18307.01592,,,,,
10/1/15,17462.579,9.767815528,0.001462343,0.001461275,104.979,1.04979,18332.04081,,,,,
1/1/16,17565.465,9.773690037,0.005891799,0.00587451,104.895,1.04895,18425.29451,,,,,
4/1/16,17618.581,9.776709363,0.003023888,0.003019325,105.636,1.05636,18611.56423,,,,,
7/1/16,17724.489,9.782702522,0.006011154,0.005993159,105.929,1.05929,18775.37395,,,,,
10/1/16,17812.56,9.787659105,0.004968888,0.004956584,106.487,1.06487,18968.06077,,,,,
1/1/17,17896.623,9.792367315,0.00471931,0.004708209,107.025,1.07025,19153.86077,,,,,
4/1/17,17996.802,9.797949354,0.005597648,0.00558204,107.369,1.07369,19322.98634,,,,,
7/1/17,18126.226,9.805115119,0.0071915,0.007165764,107.903,1.07903,19558.74164,,,,,
10/1/17,18296.685,9.814475175,0.009403998,0.009360056,108.67,1.0867,19883.00759,,,,,
1/1/18,18436.262,9.822074765,0.00762854,0.00759959,109.261,1.09261,20143.64422,,,,,
4/1/18,18590.004,9.830379296,0.008339109,0.008304531,110.234,1.10234,20492.50501,,,,,
7/1/18,18679.599,9.835187245,0.004819526,0.004807949,110.597,1.10597,20659.07611,,,,,
10/1/18,18721.281,9.837416177,0.002231418,0.002228932,111.175,1.11175,20813.38415,,,,,
1/1/19,18833.195,9.843376283,0.005977903,0.005960106,111.514,1.11514,21001.64907,,,,,
4/1/19,18982.528,9.851274256,0.007929244,0.007897973,112.152,1.12152,21289.2848,,,,,
7/1/19,19112.653,9.858105855,0.006854988,0.006831599,112.517,1.12517,21504.98378,,,,,
10/1/19,19202.31,9.862785863,0.004690976,0.004680008,112.978,1.12978,21694.38579,,,,,
1/1/20,18951.992,9.849664324,-0.013035827,-0.01312154,113.346,1.13346,21481.32485,,,,,
4/1/20,17258.205,9.756042962,-0.089372505,-0.093621362,112.859,1.12859,19477.43758,,,,,
7/1/20,18560.774,9.828805708,0.075475346,0.072762747,113.888,1.13888,21138.49429,,,,,
10/1/20,18767.778,9.839896742,0.011152768,0.011091034,114.439,1.14439,21477.65747,,,,,
1/1/21,19055.655,9.855119187,0.015338896,0.015222445,115.652,1.15652,22038.24612,,,,,
4/1/21,19368.31,9.871393504,0.016407465,0.016274317,117.413,1.17413,22740.91382,,,,,
7/1/21,19478.893,9.877086748,0.005709481,0.005693244,119.115,1.19115,23202.2834,,,,,
10/1/21,19805.962,9.893738282,0.016790944,0.016651534,121.137,1.21137,23992.34819,,,,,